"country,region,year,ind_malaria_inc,rain_mm,temp_c,ndvi,water_safe,gdp,health_exp,pop_density,urban_pct"
"Benin,Africa,2015,162.79,966.32,27.51,0.46,16.33,2725.34,2.73,100.75,4.38"
"Benin,Africa,2016,148.16,1085.37,27.71,0.48,16.48,2842.02,3.62,103.74,4.37"
"Benin,Africa,2017,173.05,1076.69,27.86,0.48,16.63,2885.89,3.67,106.77,4.34"
"Benin,Africa,2018,172.03,1195.70,27.48,0.50,16.78,2965.31,3.44,109.82,4.28"
"Benin,Africa,2019,245.39,1247.20,27.67,0.50,16.93,3148.98,3.00,112.87,4.22"
"Benin,Africa,2020,192.55,1151.17,27.71,0.49,17.08,3244.59,3.05,115.91,4.16"
"Benin,Africa,2021,196.38,1169.65,28.13,0.49,17.23,3464.29,2.92,118.96,4.10"
"Benin,Africa,2022,185.84,1208.18,27.47,0.49,17.39,3844.15,2.98,122.02,4.06"
"Benin,Africa,2023,144.38,1165.13,29.29,0.49,17.54,4129.97,3.34,125.14,4.05"
"Botswana,Africa,2015,0.20,237.37,23.14,0.31,68.72,14143.69,6.10,3.89,1.91"
"Botswana,Africa,2016,0.46,424.57,23.02,0.31,68.14,16228.12,5.77,3.94,1.85"
"Botswana,Africa,2017,1.26,573.93,21.62,0.38,67.55,15700.67,6.63,4.00,1.80"
"Botswana,Africa,2018,0.36,362.75,22.64,0.32,66.96,15785.82,6.04,4.06,1.74"
"Botswana,Africa,2019,0.11,255.07,23.51,0.30,66.36,15960.02,6.12,4.11,1.68"
"Botswana,Africa,2020,0.56,479.32,21.99,0.34,65.76,15292.26,6.12,4.17,1.62"
"Botswana,Africa,2021,0.44,619.54,21.37,0.39,65.15,17960.63,6.30,4.24,1.60"
"Botswana,Africa,2022,0.25,401.02,21.65,0.39,64.54,19976.83,5.74,4.31,1.69"
"Botswana,Africa,2023,0.34,212.99,24.33,0.34,63.92,21012.10,6.26,4.38,2.29"
"Central African Republic,Africa,2015,133.28,1353.86,26.58,0.67,6.70,768.87,5.03,7.43,1.04"
"Central African Republic,Africa,2016,273.12,1405.98,26.81,0.66,6.59,826.01,5.44,7.57,2.80"
"Central African Republic,Africa,2017,89.62,1455.43,26.76,0.67,6.49,883.81,6.67,7.69,2.75"
"Central African Republic,Africa,2018,208.32,1406.02,26.54,0.67,6.39,905.82,10.99,7.83,2.90"
"Central African Republic,Africa,2019,509.35,1485.68,26.80,0.67,6.28,984.84,7.76,7.94,2.54"
"Central African Republic,Africa,2020,346.35,1289.92,26.91,0.67,6.18,1066.29,8.98,8.07,2.89"
"Central African Republic,Africa,2021,391.65,1449.73,27.03,0.67,6.08,1128.55,9.15,8.21,2.98"
"Central African Republic,Africa,2022,440.81,1401.61,26.74,0.66,6.13,1217.85,9.95,8.18,0.70"
"Central African Republic,Africa,2023,357.33,1534.13,29.09,0.70,6.17,1257.09,10.66,8.27,2.03"
"Chad,Africa,2015,56.39,300.99,27.10,0.21,5.96,2377.51,3.40,11.63,4.38"
"Chad,Africa,2016,89.90,304.99,27.49,0.21,5.99,2120.09,3.71,12.00,4.49"
"Chad,Africa,2017,132.13,333.86,27.26,0.21,6.03,2097.14,3.51,12.41,4.81"
"Chad,Africa,2018,89.15,328.00,27.46,0.21,6.07,2227.81,3.29,12.83,5.00"
"Chad,Africa,2019,103.51,383.30,27.30,0.22,6.11,2351.65,3.38,13.25,4.98"
"Chad,Africa,2020,90.64,364.72,27.20,0.22,6.16,2185.99,4.35,13.68,5.06"
"Chad,Africa,2021,80.45,323.09,27.55,0.22,6.20,2435.07,3.97,14.16,5.43"
"Chad,Africa,2022,91.55,407.98,26.78,0.22,6.25,2624.12,4.16,14.66,5.54"
"Chad,Africa,2023,112.99,340.02,25.50,0.22,6.29,2700.36,5.00,15.34,6.75"
"Congo,Africa,2015,10.61,1451.20,24.98,0.64,44.07,4715.13,2.46,14.93,2.62"
"Congo,Africa,2016,34.50,1652.89,25.34,0.63,44.61,4016.05,2.59,15.29,2.61"
"Congo,Africa,2017,25.03,1737.67,24.98,0.65,45.14,4444.64,2.36,15.67,2.59"
"Congo,Africa,2018,22.29,1655.30,25.00,0.64,45.33,5593.19,1.76,16.06,2.58"
"Congo,Africa,2019,21.90,1678.98,25.19,0.65,45.51,5719.60,2.35,16.45,2.52"
"Congo,Africa,2020,15.91,1640.67,25.18,0.64,45.69,4770.96,4.02,16.85,2.49"
"Congo,Africa,2021,32.18,1682.60,25.13,0.65,45.87,6263.21,3.46,17.25,2.46"
"Congo,Africa,2022,60.39,1702.34,24.96,0.63,0.00,6647.50,2.30,17.67,2.43"
"Congo,Africa,2023,83.77,1800.58,25.55,0.67,0.00,6850.28,3.30,18.11,2.45"
"Côte d'Ivoire,Africa,2015,145.35,1139.68,26.25,0.54,35.34,4403.64,3.22,79.39,3.81"
"Côte d'Ivoire,Africa,2016,157.60,1233.76,26.63,0.55,36.51,4530.65,3.32,81.73,3.83"
"Côte d'Ivoire,Africa,2017,165.11,1292.53,26.53,0.56,37.68,4690.18,3.25,84.07,3.75"
"Côte d'Ivoire,Africa,2018,190.13,1428.08,26.21,0.57,38.23,4945.63,3.09,86.37,3.63"
"Côte d'Ivoire,Africa,2019,230.79,1366.31,26.47,0.57,38.44,5516.39,3.19,88.66,3.56"
"Côte d'Ivoire,Africa,2020,172.25,1293.96,26.64,0.57,38.67,5543.85,3.62,90.93,3.47"
"Côte d'Ivoire,Africa,2021,246.12,1433.60,26.69,0.59,38.91,6045.20,3.76,93.21,3.40"
"Côte d'Ivoire,Africa,2022,267.99,1390.09,26.34,0.56,37.74,6719.44,3.64,95.58,3.53"
"Côte d'Ivoire,Africa,2023,269.16,1381.64,28.15,0.57,36.25,7237.18,3.43,98.01,3.55"
"Democratic Republic of the Congo,Africa,2015,164.46,1528.23,24.60,0.70,11.67,910.39,3.75,35.74,4.24"
"Democratic Republic of the Congo,Africa,2016,213.50,1551.49,24.92,0.70,11.59,950.02,4.20,37.03,4.47"
"Democratic Republic of the Congo,Africa,2017,206.31,1633.99,24.62,0.71,11.50,990.55,4.00,38.41,4.57"
"Democratic Republic of the Congo,Africa,2018,201.89,1691.29,24.43,0.71,11.40,1048.87,3.24,39.72,4.25"
"Democratic Republic of the Congo,Africa,2019,252.72,1644.72,24.68,0.71,11.30,1056.17,3.51,41.00,4.06"
"Democratic Republic of the Congo,Africa,2020,235.34,1524.55,24.77,0.71,11.19,1088.79,3.98,42.34,4.10"
"Democratic Republic of the Congo,Africa,2021,215.28,1570.37,24.81,0.72,11.38,1402.39,3.87,43.73,4.10"
"Democratic Republic of the Congo,Africa,2022,266.57,1604.72,24.57,0.70,11.58,1590.16,3.94,45.17,4.08"
"Democratic Republic of the Congo,Africa,2023,261.44,1616.11,24.79,0.72,11.73,1730.62,3.68,46.66,4.10"
"Ethiopia,Africa,2015,27.23,748.57,23.55,0.39,9.69,1632.62,3.82,92.04,4.90"
"Ethiopia,Africa,2016,24.39,810.90,23.63,0.39,10.13,1857.55,3.60,94.56,4.87"
"Ethiopia,Africa,2017,21.16,831.36,23.49,0.38,10.58,2004.75,3.45,97.17,4.88"
"Ethiopia,Africa,2018,12.95,869.59,23.06,0.40,11.05,2095.32,3.30,99.83,5.01"
"Ethiopia,Africa,2019,11.87,977.76,23.43,0.40,11.53,2242.44,3.24,102.55,4.90"
"Ethiopia,Africa,2020,21.56,891.01,23.31,0.42,12.02,2406.79,3.48,105.37,4.47"
"Ethiopia,Africa,2021,16.81,800.02,23.48,0.39,12.53,2588.41,3.21,108.23,4.87"
"Ethiopia,Africa,2022,20.30,759.58,23.58,0.37,12.87,2844.92,2.85,111.11,5.43"
"Ethiopia,Africa,2023,36.54,990.47,23.69,0.43,13.21,3060.91,2.80,114.04,4.01"
"Gambia,Africa,2015,118.10,903.13,27.67,0.42,39.52,1990.32,3.18,219.82,3.81"
"Gambia,Africa,2016,75.72,800.16,28.23,0.43,40.70,2012.68,3.20,225.67,3.67"
"Gambia,Africa,2017,35.25,832.43,28.34,0.42,41.88,2038.95,3.35,231.44,3.53"
"Gambia,Africa,2018,38.35,731.05,27.73,0.40,43.07,2277.44,3.19,237.12,3.40"
"Gambia,Africa,2019,22.74,722.21,27.90,0.42,44.28,2421.72,3.15,242.77,3.30"
"Gambia,Africa,2020,30.13,1011.50,28.27,0.42,45.49,2530.80,4.01,248.59,3.28"
"Gambia,Africa,2021,28.64,794.62,28.18,0.43,46.68,2777.80,3.74,254.55,3.25"
"Gambia,Africa,2022,45.18,929.38,27.64,0.44,47.25,3067.31,3.54,260.52,3.16"
"Gambia,Africa,2023,43.85,810.99,28.02,0.44,47.72,3289.13,2.89,266.59,3.11"
"Ghana,Africa,2015,203.13,1005.75,27.27,0.49,30.83,5191.37,4.54,126.11,3.35"
"Ghana,Africa,2016,190.61,1163.51,27.54,0.48,32.11,5011.08,3.39,129.02,3.29"
"Ghana,Africa,2017,240.48,1112.84,27.51,0.50,33.42,5170.96,2.69,131.88,3.17"
"Ghana,Africa,2018,165.67,1206.84,27.15,0.51,34.74,5536.50,2.43,134.65,3.02"
"Ghana,Africa,2019,201.04,1317.98,27.42,0.51,36.07,6002.55,3.25,137.38,2.92"
"Ghana,Africa,2020,170.84,1116.60,27.53,0.50,37.42,6047.30,4.43,140.15,2.87"
"Ghana,Africa,2021,176.75,1323.60,27.68,0.52,38.79,6607.50,3.86,142.92,2.81"
"Ghana,Africa,2022,158.05,1259.61,27.18,0.51,40.16,7208.16,3.67,145.69,2.90"
"Ghana,Africa,2023,168.52,1329.93,28.96,0.50,41.54,7556.42,2.95,148.50,2.88"
"Guinea-Bissau,Africa,2015,86.39,1820.15,27.32,0.58,22.08,1729.94,8.13,63.53,3.59"
"Guinea-Bissau,Africa,2016,87.79,1529.67,27.71,0.60,22.36,1824.37,8.33,65.15,3.52"
"Guinea-Bissau,Africa,2017,83.48,1689.25,27.80,0.58,22.64,2081.81,7.00,66.75,3.44"
"Guinea-Bissau,Africa,2018,91.27,1581.26,27.35,0.57,22.91,2057.97,7.28,68.36,3.37"
"Guinea-Bissau,Africa,2019,83.77,1560.75,27.87,0.59,23.18,2247.31,7.15,69.97,3.33"
"Guinea-Bissau,Africa,2020,0.00,2018.11,28.05,0.58,23.44,2339.79,8.99,71.60,3.26"
"Guinea-Bissau,Africa,2021,0.00,1672.27,28.02,0.61,23.70,2522.77,8.40,73.22,3.20"
"Guinea-Bissau,Africa,2022,87.94,1808.64,27.61,0.60,23.79,2788.84,8.34,74.88,3.20"
"Guinea-Bissau,Africa,2023,54.84,1774.58,28.53,0.62,23.89,2989.67,8.82,76.58,3.19"
"Madagascar,Africa,2015,38.73,1566.94,22.35,0.52,16.85,1496.61,5.01,43.70,3.52"
"Madagascar,Africa,2016,27.56,1244.67,22.31,0.51,17.41,1561.52,5.33,44.86,3.47"
"Madagascar,Africa,2017,38.55,1434.88,22.64,0.51,17.98,1546.88,4.80,46.04,3.44"
"Madagascar,Africa,2018,37.04,1497.42,22.42,0.50,18.57,1546.60,4.22,47.26,3.43"
"Madagascar,Africa,2019,35.73,1696.50,22.80,0.52,19.16,1612.30,3.10,48.50,3.89"
"Madagascar,Africa,2020,67.31,1244.86,22.60,0.50,19.77,1490.32,3.72,49.77,3.87"
"Madagascar,Africa,2021,78.77,1318.32,22.50,0.50,20.39,1577.43,3.55,51.03,3.85"
"Madagascar,Africa,2022,55.18,1454.67,22.11,0.49,21.02,1716.98,3.15,52.32,3.84"
"Madagascar,Africa,2023,91.13,1467.61,23.31,0.52,21.67,1808.45,3.43,53.62,3.85"
"Malawi,Africa,2015,218.64,939.88,22.27,0.41,13.56,1403.08,6.63,181.22,3.18"
"Malawi,Africa,2016,280.58,906.64,22.37,0.40,14.10,1409.96,7.73,186.23,3.14"
"Malawi,Africa,2017,279.99,1185.72,22.00,0.43,14.66,1380.23,7.58,191.34,3.11"
"Malawi,Africa,2018,323.29,1090.60,21.94,0.42,15.23,1363.79,6.88,196.52,3.04"
"Malawi,Africa,2019,275.38,1313.53,22.11,0.43,15.82,1450.01,6.37,201.80,3.37"
"Malawi,Africa,2020,362.36,995.05,22.19,0.41,16.42,1513.46,7.04,207.19,3.61"
"Malawi,Africa,2021,340.66,1153.82,21.98,0.42,17.04,1687.59,7.52,212.64,3.77"
"Malawi,Africa,2022,204.04,1490.30,21.59,0.41,17.68,1778.31,6.63,218.17,3.93"
"Malawi,Africa,2023,304.49,1198.15,22.24,0.42,17.93,1830.46,6.53,223.85,4.12"
"Mozambique,Africa,2015,304.08,846.54,24.16,0.55,18.51,1317.89,6.61,33.76,3.65"
"Mozambique,Africa,2016,348.22,904.51,24.33,0.54,19.41,1379.11,7.22,34.76,3.69"
"Mozambique,Africa,2017,345.30,1129.70,23.69,0.59,20.33,1282.75,7.81,35.82,3.74"
"Mozambique,Africa,2018,349.35,979.06,23.90,0.57,21.28,1325.59,7.98,36.90,4.09"
"Mozambique,Africa,2019,386.45,1087.23,24.15,0.58,22.26,1388.80,7.90,38.00,4.23"
"Mozambique,Africa,2020,367.68,842.30,24.16,0.55,23.26,1411.62,7.55,39.15,4.41"
"Mozambique,Africa,2021,318.40,968.28,23.85,0.57,24.29,1457.24,8.65,40.32,4.55"
"Mozambique,Africa,2022,379.33,1155.74,23.73,0.57,25.35,1581.94,8.25,41.53,4.68"
"Mozambique,Africa,2023,393.36,1077.72,24.48,0.59,26.44,1678.39,8.50,42.77,4.82"
"Nigeria,Africa,2015,44.58,1115.03,27.12,0.40,24.94,7307.84,3.58,209.35,4.00"
"Nigeria,Africa,2016,73.11,1208.53,27.31,0.42,25.52,7072.50,3.65,214.59,3.91"
"Nigeria,Africa,2017,68.52,1129.07,27.37,0.41,26.09,7036.67,3.75,219.87,3.85"
"Nigeria,Africa,2018,74.22,1311.38,27.16,0.42,26.66,7158.17,3.09,225.02,3.71"
"Nigeria,Africa,2019,98.54,1365.37,27.18,0.43,27.23,7551.39,2.99,230.01,3.57"
"Nigeria,Africa,2020,85.63,1213.04,27.30,0.43,27.79,7414.77,3.38,234.96,3.49"
"Nigeria,Africa,2021,97.59,1247.48,27.54,0.42,28.36,7588.48,4.08,239.94,3.43"
"Nigeria,Africa,2022,103.30,1210.25,26.92,0.40,28.91,8304.96,4.21,245.01,3.41"
"Nigeria,Africa,2023,105.75,1281.72,28.27,0.43,29.47,8705.43,4.19,250.21,3.40"
"Sao Tome and Principe,Africa,2015,10.31,1559.48,24.63,0.48,33.22,3171.51,6.53,208.64,1.97"
"Sao Tome and Principe,Africa,2016,11.01,1944.04,25.15,0.49,33.70,3319.54,7.60,212.18,1.88"
"Sao Tome and Principe,Africa,2017,10.81,2003.05,24.95,0.47,34.18,3436.31,7.47,215.59,1.79"
"Sao Tome and Principe,Africa,2018,13.92,2399.01,24.93,0.51,34.67,3941.03,5.92,218.94,1.74"
"Sao Tome and Principe,Africa,2019,12.70,2462.92,25.24,0.53,35.14,4655.48,5.48,222.28,1.71"
"Sao Tome and Principe,Africa,2020,8.89,2153.74,25.20,0.54,35.62,5144.54,7.32,226.49,2.07"
"Sao Tome and Principe,Africa,2021,12.25,2525.82,25.24,0.49,36.09,5732.69,7.86,231.21,2.25"
"Sao Tome and Principe,Africa,2022,17.54,1856.90,24.93,0.50,36.37,6033.68,5.77,235.73,2.23"
"Sao Tome and Principe,Africa,2023,10.17,2052.04,26.04,0.50,36.53,6149.98,5.77,240.49,2.34"
"Senegal,Africa,2015,33.77,719.16,28.43,0.34,24.43,2994.28,4.38,75.80,4.53"
"Senegal,Africa,2016,23.31,622.14,28.93,0.36,24.73,3101.12,4.26,78.09,4.65"
"Senegal,Africa,2017,25.66,634.62,28.93,0.35,25.04,3234.36,4.16,80.38,4.74"
"Senegal,Africa,2018,33.47,598.74,28.54,0.34,25.34,3380.22,4.43,82.66,4.80"
"Senegal,Africa,2019,21.76,561.26,28.79,0.34,25.65,3647.95,4.50,84.94,4.83"
"Senegal,Africa,2020,26.52,768.13,29.05,0.36,25.96,3752.92,5.15,87.20,4.84"
"Senegal,Africa,2021,31.17,665.78,29.21,0.36,26.26,4173.68,4.44,89.45,4.80"
"Senegal,Africa,2022,20.28,725.06,28.44,0.37,26.57,4530.22,4.04,91.68,4.77"
"Senegal,Africa,2023,10.49,678.64,28.83,0.37,26.88,4777.61,4.32,93.89,4.71"
"Sierra Leone,Africa,2015,206.83,2375.30,25.61,0.61,8.43,2560.05,12.38,97.50,3.40"
"Sierra Leone,Africa,2016,242.24,2722.14,25.92,0.60,8.69,2634.93,10.05,99.82,3.48"
"Sierra Leone,Africa,2017,220.51,2698.85,25.88,0.62,8.95,2501.45,6.01,102.23,3.55"
"Sierra Leone,Africa,2018,226.64,2404.12,25.69,0.62,9.22,2640.48,5.30,104.66,3.52"
"Sierra Leone,Africa,2019,308.13,2614.09,26.05,0.62,9.49,2704.06,5.71,107.12,3.50"
"Sierra Leone,Africa,2020,91.63,2423.04,26.05,0.60,9.77,2719.07,5.66,109.62,3.50"
"Sierra Leone,Africa,2021,241.38,2409.91,26.07,0.65,10.05,2849.39,5.07,112.14,3.47"
"Sierra Leone,Africa,2022,213.66,2228.06,25.93,0.60,10.33,3143.96,4.80,114.67,3.44"
"Sierra Leone,Africa,2023,247.05,2820.01,27.58,0.65,10.61,3368.32,4.72,117.21,3.41"
"South Africa,Africa,2015,0.90,337.92,18.60,0.33,69.31,5353.20,8.05,46.76,2.13"
"South Africa,Africa,2016,0.77,408.74,18.57,0.33,69.44,5729.00,8.08,47.20,1.04"
"South Africa,Africa,2017,4.10,430.93,18.10,0.34,69.55,6077.78,7.98,47.51,0.74"
"South Africa,Africa,2018,1.65,425.19,18.13,0.33,69.65,6648.99,8.08,48.32,1.76"
"South Africa,Africa,2019,0.82,394.17,18.96,0.32,69.73,7088.52,8.25,49.12,1.71"
"South Africa,Africa,2020,0.74,490.48,17.93,0.35,69.79,6969.47,9.02,49.92,1.66"
"South Africa,Africa,2021,0.48,552.42,17.53,0.36,69.61,8015.36,8.66,50.70,1.56"
"South Africa,Africa,2022,0.33,555.91,17.71,0.38,69.09,9129.60,8.75,51.42,1.46"
"South Africa,Africa,2023,0.84,480.14,21.25,0.37,68.55,10176.35,8.91,52.11,1.49"
"Togo,Africa,2015,219.95,1055.53,26.81,0.50,16.72,1879.67,6.25,140.89,3.62"
"Togo,Africa,2016,232.54,1287.65,27.06,0.50,17.21,1932.93,6.59,144.48,3.60"
"Togo,Africa,2017,228.17,1140.72,27.18,0.51,17.70,1985.53,6.50,148.14,3.57"
"Togo,Africa,2018,253.88,1273.72,26.78,0.52,18.21,2067.07,6.16,151.84,3.53"
"Togo,Africa,2019,297.70,1392.65,27.09,0.52,18.72,2214.70,5.91,155.60,3.49"
"Togo,Africa,2020,216.40,1227.67,27.14,0.51,19.23,2384.07,6.19,159.40,3.45"
"Togo,Africa,2021,207.85,1330.28,27.42,0.52,19.55,2638.81,5.62,163.24,3.41"
"Togo,Africa,2022,244.56,1311.49,26.86,0.51,19.88,2935.01,6.24,167.12,3.35"
"Togo,Africa,2023,254.47,1369.97,28.66,0.52,20.20,3154.43,6.11,171.07,3.53"
"Uganda,Africa,2015,193.92,1298.88,23.30,0.53,11.95,2189.96,5.00,187.17,6.26"
"Uganda,Africa,2016,245.55,1129.76,23.67,0.52,12.73,2165.30,5.02,193.49,6.15"
"Uganda,Africa,2017,283.43,1227.78,23.36,0.51,13.54,2157.96,4.00,200.37,6.25"
"Uganda,Africa,2018,134.78,1388.32,22.82,0.52,14.36,2312.06,4.02,207.29,6.07"
"Uganda,Africa,2019,315.85,1462.42,23.12,0.53,15.20,2441.37,3.79,214.44,5.97"
"Uganda,Africa,2020,367.30,1506.58,22.67,0.56,15.80,2532.22,5.24,221.71,5.83"
"Uganda,Africa,2021,312.27,1119.12,23.22,0.53,16.37,2684.92,5.47,228.96,5.63"
"Uganda,Africa,2022,405.50,1244.28,23.01,0.51,16.94,2919.18,4.45,235.95,5.34"
"Uganda,Africa,2023,328.19,1240.51,23.87,0.54,17.52,3097.64,4.24,242.65,5.05"
"United Republic of Tanzania,Africa,2015,95.18,992.15,22.87,0.49,21.04,2317.28,3.65,58.73,5.08"
"United Republic of Tanzania,Africa,2016,108.62,1011.36,22.85,0.49,22.51,2434.70,3.96,60.76,5.16"
"United Republic of Tanzania,Africa,2017,105.10,1002.55,22.95,0.49,24.03,2472.49,4.02,62.83,5.03"
"United Republic of Tanzania,Africa,2018,113.49,1188.11,22.39,0.50,25.58,2727.88,4.33,64.84,4.78"
"United Republic of Tanzania,Africa,2019,111.75,1229.42,22.91,0.50,27.16,2981.87,4.02,66.80,4.55"
"United Republic of Tanzania,Africa,2020,103.33,1305.22,22.46,0.53,28.57,3290.61,3.05,68.83,4.50"
"United Republic of Tanzania,Africa,2021,73.52,980.44,22.56,0.50,29.26,3493.08,3.47,70.93,4.45"
"United Republic of Tanzania,Africa,2022,56.48,1302.46,22.52,0.48,29.95,3799.86,3.13,73.05,4.32"
"United Republic of Tanzania,Africa,2023,56.49,1211.03,22.86,0.51,30.64,4018.52,3.05,75.21,4.76"
"Zimbabwe,Africa,2015,44.55,450.78,21.80,0.45,27.24,4045.90,7.45,37.22,2.53"
"Zimbabwe,Africa,2016,28.66,707.31,21.97,0.44,27.02,4275.45,7.26,37.74,2.92"
"Zimbabwe,Africa,2017,42.02,881.81,20.78,0.50,26.80,10756.45,6.17,38.29,3.25"
"Zimbabwe,Africa,2018,23.41,641.26,21.52,0.46,26.59,3992.89,4.67,38.86,3.50"
"Zimbabwe,Africa,2019,26.72,488.01,22.26,0.43,26.39,4165.56,3.23,39.48,3.73"
"Zimbabwe,Africa,2020,36.59,743.95,21.47,0.43,26.20,4178.59,2.95,40.14,3.92"
"Zimbabwe,Africa,2021,10.70,621.98,21.07,0.48,26.02,4827.09,2.67,40.84,4.02"
"Zimbabwe,Africa,2022,11.15,626.64,21.00,0.50,25.82,5395.86,3.40,41.54,3.89"
"Zimbabwe,Africa,2023,19.13,582.72,22.09,0.47,25.64,5791.19,2.93,42.24,3.18"
"Bangladesh,Asia,2015,2.36,2601.98,24.87,0.52,56.44,4212.24,2.27,1224.42,2.07"
"Bangladesh,Asia,2016,1.63,2384.91,25.32,0.53,56.85,4579.13,2.39,1235.40,2.02"
"Bangladesh,Asia,2017,1.70,3139.71,24.95,0.53,57.28,4882.61,2.37,1245.96,1.94"
"Bangladesh,Asia,2018,0.60,2064.80,24.84,0.53,57.72,5490.16,2.32,1256.23,1.86"
"Bangladesh,Asia,2019,0.98,2488.81,25.14,0.55,58.18,6047.12,2.13,1266.91,1.84"
"Bangladesh,Asia,2020,0.34,2588.47,24.86,0.53,58.66,6640.58,2.18,1277.54,1.79"
"Bangladesh,Asia,2021,0.40,2322.94,25.24,0.52,59.15,7441.07,2.27,1288.00,1.72"
"Bangladesh,Asia,2022,1.00,2049.23,25.03,0.54,59.16,8450.55,2.22,1300.36,1.89"
"Bangladesh,Asia,2023,0.90,2126.24,23.56,0.54,59.14,9147.78,2.17,1319.18,2.74"
"Bhutan,Asia,2015,0.06,1011.42,8.68,0.56,47.10,10213.81,3.44,19.43,2.57"
"Bhutan,Asia,2016,0.03,842.64,9.40,0.56,50.51,11273.28,3.28,19.61,2.53"
"Bhutan,Asia,2017,0.02,943.08,9.21,0.56,53.93,11677.41,3.11,19.78,2.43"
"Bhutan,Asia,2018,0.01,804.46,8.76,0.56,57.27,11969.56,3.07,19.92,2.29"
"Bhutan,Asia,2019,0.00,829.91,8.80,0.56,60.59,12909.10,3.38,20.05,2.23"
"Bhutan,Asia,2020,0.04,916.66,8.93,0.55,63.62,12475.05,4.08,20.19,2.23"
"Bhutan,Asia,2021,0.02,794.23,9.37,0.56,66.62,13458.81,4.79,20.33,2.25"
"Bhutan,Asia,2022,0.00,864.77,9.04,0.56,67.78,15063.81,3.92,20.47,2.25"
"Bhutan,Asia,2023,0.00,746.84,5.31,0.58,66.65,16215.15,4.42,20.62,2.63"
"India,Asia,2015,0.96,1088.75,24.72,0.46,61.23,5425.04,3.60,446.67,2.18"
"India,Asia,2016,0.88,1204.02,25.09,0.43,62.90,5800.48,3.50,452.02,2.16"
"India,Asia,2017,0.68,1227.51,24.95,0.45,64.57,6144.72,2.94,457.31,2.12"
"India,Asia,2018,0.34,1153.20,24.85,0.43,66.25,6714.97,2.86,462.35,2.05"
"India,Asia,2019,0.26,1306.95,24.70,0.45,67.93,7150.92,2.95,467.19,1.98"
"India,Asia,2020,0.14,1349.87,24.38,0.48,69.63,6966.28,3.34,471.76,1.90"
"India,Asia,2021,0.12,1286.00,24.48,0.47,71.32,8050.02,3.35,475.65,1.74"
"India,Asia,2022,0.13,1296.50,24.56,0.48,73.03,9207.13,3.40,479.43,1.69"
"India,Asia,2023,0.17,1104.90,22.75,0.48,74.73,10323.50,3.34,483.68,1.78"
"Indonesia,Asia,2015,0.84,2298.87,24.53,0.68,28.33,10027.54,2.92,139.44,2.39"
"Indonesia,Asia,2016,0.83,3250.40,24.72,0.70,28.62,10262.60,3.02,140.95,2.27"
"Indonesia,Asia,2017,0.99,3426.07,24.43,0.68,28.91,10687.64,2.90,142.39,2.21"
"Indonesia,Asia,2018,0.83,2798.05,24.46,0.68,29.20,11372.10,2.87,143.78,2.14"
"Indonesia,Asia,2019,0.92,2469.54,24.67,0.69,29.49,11986.47,2.88,145.13,2.10"
"Indonesia,Asia,2020,0.92,3109.73,24.61,0.69,29.77,11729.37,3.42,146.37,1.81"
"Indonesia,Asia,2021,1.10,3335.62,24.47,0.69,30.05,12757.07,3.71,146.24,1.76"
"Indonesia,Asia,2022,1.59,3457.79,24.42,0.69,30.33,14284.93,2.69,147.33,1.83"
"Indonesia,Asia,2023,1.49,2724.17,24.41,0.69,30.40,15415.71,2.70,148.58,1.92"
"Myanmar,Asia,2015,5.82,2077.44,22.72,0.61,51.27,4458.69,5.20,78.23,1.14"
"Myanmar,Asia,2016,3.49,2113.29,23.00,0.61,52.81,4459.54,4.76,78.89,1.12"
"Myanmar,Asia,2017,2.68,2187.00,22.78,0.63,54.38,4706.43,4.69,79.50,1.08"
"Myanmar,Asia,2018,2.39,2136.29,22.48,0.61,55.96,5581.28,4.54,80.09,1.02"
"Myanmar,Asia,2019,1.75,1850.02,23.12,0.63,57.57,6101.37,3.81,80.65,0.98"
"Myanmar,Asia,2020,1.27,1917.58,23.10,0.62,58.82,5740.99,4.28,81.23,0.98"
"Myanmar,Asia,2021,1.70,2029.99,23.05,0.62,59.50,5178.45,5.54,81.80,0.95"
"Myanmar,Asia,2022,3.36,1975.20,22.79,0.64,59.57,5731.94,4.49,82.36,0.94"
"Myanmar,Asia,2023,4.85,1988.91,22.66,0.62,59.65,5953.36,4.46,82.94,0.93"
"Nepal,Asia,2015,0.08,1361.62,12.11,0.49,25.47,2957.31,5.47,194.10,1.14"
"Nepal,Asia,2016,0.06,1500.14,13.08,0.48,23.96,2976.13,5.42,195.02,0.99"
"Nepal,Asia,2017,0.08,1328.87,12.60,0.49,22.43,3604.71,4.72,195.40,0.64"
"Nepal,Asia,2018,0.06,1475.54,12.45,0.48,20.88,3956.12,4.53,195.88,0.60"
"Nepal,Asia,2019,0.02,1390.92,12.06,0.49,19.30,4260.67,4.45,198.21,1.45"
"Nepal,Asia,2020,0.01,1531.66,11.94,0.48,17.70,4235.57,5.21,202.07,2.10"
"Nepal,Asia,2021,0.00,1609.23,12.47,0.47,16.07,4546.23,5.53,205.62,1.80"
"Nepal,Asia,2022,0.00,1399.15,12.52,0.51,16.21,5102.99,6.53,207.29,1.05"
"Nepal,Asia,2023,0.00,1228.13,8.53,0.50,16.35,5395.21,6.16,207.15,0.30"
"Cambodia,Asia,2015,6.20,2474.47,23.76,0.60,72.13,4433.64,4.54,88.51,9.23"
"Cambodia,Asia,2016,3.89,2729.46,23.96,0.57,72.39,4748.12,4.49,89.81,9.17"
"Cambodia,Asia,2017,6.78,2689.85,23.73,0.60,72.66,5050.06,4.27,91.06,8.90"
"Cambodia,Asia,2018,5.45,2679.33,23.56,0.58,72.91,5616.98,4.50,92.20,8.48"
"Cambodia,Asia,2019,2.76,2812.29,23.93,0.58,73.17,6153.99,5.06,93.37,6.29"
"Cambodia,Asia,2020,0.84,2561.60,24.05,0.57,73.42,5942.45,5.13,94.75,2.10"
"Cambodia,Asia,2021,0.36,2709.34,23.57,0.58,73.67,6225.53,6.34,96.16,2.17"
"Cambodia,Asia,2022,0.33,3151.21,23.43,0.59,73.91,6918.82,4.47,97.45,1.99"
"Cambodia,Asia,2023,0.11,2711.89,23.91,0.58,74.15,7430.73,4.62,98.71,1.91"
"Lao PDR,Asia,2015,10.29,1651.65,22.79,0.70,12.04,6086.07,2.45,29.47,2.86"
"Lao PDR,Asia,2016,4.35,1984.50,22.74,0.70,14.27,6743.01,2.36,29.93,3.66"
"Lao PDR,Asia,2017,2.33,2197.54,22.35,0.68,16.59,7141.91,2.53,30.41,3.57"
"Lao PDR,Asia,2018,2.45,2110.03,22.35,0.67,19.00,7486.86,2.25,30.88,3.54"
"Lao PDR,Asia,2019,1.79,1705.44,23.52,0.68,21.51,7743.22,2.60,31.36,3.50"
"Lao PDR,Asia,2020,0.91,1940.59,23.05,0.69,24.11,7913.39,2.06,31.83,3.45"
"Lao PDR,Asia,2021,1.00,1927.32,22.48,0.70,26.80,8080.44,2.74,32.29,3.39"
"Lao PDR,Asia,2022,0.58,2188.60,22.32,0.70,29.58,8766.44,2.02,32.75,3.34"
"Lao PDR,Asia,2023,0.17,1766.18,23.15,0.68,32.40,9291.79,1.33,33.21,3.31"
"Philippines,Asia,2015,0.19,2047.73,24.77,0.70,46.47,6894.27,3.90,353.20,3.28"
"Philippines,Asia,2016,0.11,2508.64,25.18,0.69,46.68,7382.67,3.95,357.97,2.81"
"Philippines,Asia,2017,0.11,3251.79,24.78,0.68,46.89,7773.80,3.96,362.61,2.61"
"Philippines,Asia,2018,0.07,2648.08,24.92,0.70,47.10,8357.74,3.95,367.12,2.39"
"Philippines,Asia,2019,0.09,2265.07,25.03,0.70,47.32,8924.10,4.17,371.62,2.16"
"Philippines,Asia,2020,0.09,2778.27,25.13,0.70,47.55,8238.37,5.16,375.90,1.87"
"Philippines,Asia,2021,0.06,3105.25,24.87,0.69,47.78,8857.79,5.98,379.32,1.54"
"Philippines,Asia,2022,0.05,3220.81,24.83,0.69,48.01,10131.35,5.16,382.21,1.38"
"Philippines,Asia,2023,0.09,2854.48,24.24,0.70,48.24,10985.83,5.10,385.32,1.42"
"Viet Nam,Asia,2015,0.14,1775.68,23.65,0.63,53.88,7671.58,4.71,296.20,0.08"
"Viet Nam,Asia,2016,0.06,2139.37,23.66,0.61,54.42,8374.51,4.87,299.95,2.59"
"Viet Nam,Asia,2017,0.07,2195.03,23.08,0.60,54.95,9169.73,4.99,303.69,2.69"
"Viet Nam,Asia,2018,0.04,1958.17,23.21,0.61,55.48,10009.97,5.03,307.05,2.80"
"Viet Nam,Asia,2019,0.05,1667.38,23.97,0.62,56.01,11029.27,4.97,310.03,2.83"
"Viet Nam,Asia,2020,0.02,2005.85,23.62,0.61,56.53,11609.32,4.33,312.92,2.96"
"Viet Nam,Asia,2021,0.01,2092.71,23.27,0.62,57.05,12048.90,4.54,315.65,3.63"
"Viet Nam,Asia,2022,0.01,2221.18,23.03,0.61,57.56,13905.15,4.54,318.03,3.87"
"Viet Nam,Asia,2023,0.01,1980.04,21.91,0.62,58.07,15033.88,4.56,320.18,3.16"
"Afghanistan,Asia,2015,4.52,305.64,12.26,0.13,23.39,2284.08,10.11,51.87,4.25"
"Afghanistan,Asia,2016,8.84,262.65,13.13,0.13,24.22,2213.18,11.82,53.20,3.33"
"Afghanistan,Asia,2017,11.19,310.99,12.58,0.12,25.06,2335.80,12.62,54.72,3.52"
"Afghanistan,Asia,2018,8.68,265.88,12.88,0.12,25.89,2432.28,14.21,56.33,3.57"
"Afghanistan,Asia,2019,5.93,409.50,11.89,0.13,26.72,2583.49,14.83,58.04,3.56"
"Afghanistan,Asia,2020,3.49,353.50,11.26,0.13,27.56,2561.98,15.53,59.90,3.62"
"Afghanistan,Asia,2021,2.79,190.45,13.16,0.12,28.39,2144.17,21.51,61.33,2.69"
"Afghanistan,Asia,2022,4.01,215.26,13.04,0.12,29.23,2123.00,23.09,62.22,1.62"
"Afghanistan,Asia,2023,56.25,186.06,5.20,0.12,29.91,2201.72,14.99,63.56,2.45"
"Pakistan,Asia,2015,1.04,320.79,22.09,0.21,44.23,4480.26,2.49,281.87,2.08"
"Pakistan,Asia,2016,1.65,299.51,23.02,0.21,44.34,4630.73,2.57,285.57,2.02"
"Pakistan,Asia,2017,1.81,328.55,22.59,0.21,44.45,4789.54,2.79,289.64,2.17"
"Pakistan,Asia,2018,1.79,235.13,22.91,0.20,44.55,4979.37,2.83,294.38,2.48"
"Pakistan,Asia,2019,1.94,390.63,21.87,0.22,44.66,5037.53,2.85,299.40,2.67"
"Pakistan,Asia,2020,1.61,384.20,21.75,0.23,44.76,5048.02,2.95,304.85,2.87"
"Pakistan,Asia,2021,1.70,270.84,22.70,0.21,44.87,5367.27,2.99,310.66,3.01"
"Pakistan,Asia,2022,7.61,398.95,22.54,0.23,44.97,5920.27,2.90,316.13,2.90"
"Pakistan,Asia,2023,11.28,293.11,16.94,0.23,44.97,6013.99,2.52,321.07,2.70"
"Brazil,South_America,2015,3.40,1643.19,25.29,0.66,81.99,14821.44,8.91,24.13,1.10"
"Brazil,South_America,2016,2.97,1727.95,25.14,0.65,82.73,14309.21,9.17,24.31,1.06"
"Brazil,South_America,2017,4.49,1819.95,25.03,0.65,83.50,14559.05,9.47,24.49,1.02"
"Brazil,South_America,2018,4.42,1856.99,24.75,0.66,84.26,15463.74,9.46,24.66,0.97"
"Brazil,South_America,2019,3.58,1769.61,25.27,0.66,85.01,16069.84,9.61,24.82,0.93"
"Brazil,South_America,2020,3.39,1714.76,25.12,0.67,85.74,16101.62,9.62,24.96,0.85"
"Brazil,South_America,2021,3.27,1879.09,24.81,0.65,86.43,18075.71,9.64,25.07,0.68"
"Brazil,South_America,2022,3.02,1807.59,24.66,0.66,87.12,19876.85,9.39,25.16,0.60"
"Brazil,South_America,2023,3.27,1630.97,24.75,0.67,87.95,21175.62,9.73,25.26,0.70"
"Colombia,South_America,2015,5.26,1690.18,27.33,0.64,24.82,13332.06,7.52,88.51,9.23"
"Colombia,South_America,2016,7.75,2274.34,27.26,0.63,25.39,14026.84,7.53,89.81,9.17"
"Colombia,South_America,2017,4.88,2148.31,26.51,0.67,25.96,14400.61,7.68,91.06,8.90"
"Colombia,South_America,2018,5.57,1931.73,26.83,0.64,26.54,15239.40,7.72,92.20,8.48"
"Colombia,South_America,2019,7.22,1660.49,27.39,0.64,27.12,16181.59,7.83,93.37,6.29"
"Colombia,South_America,2020,7.26,1972.15,27.09,0.66,27.70,15519.21,8.70,94.75,2.10"
"Colombia,South_America,2021,6.53,2221.98,26.56,0.65,28.29,17383.09,9.14,96.16,2.17"
"Colombia,South_America,2022,6.35,2422.20,26.36,0.65,28.88,20695.74,7.59,97.45,1.99"
"Colombia,South_America,2023,9.05,1942.93,27.07,0.69,29.45,20944.49,8.16,98.71,1.91"
"Costa Rica,North_America,2015,0.00,2728.57,22.97,0.69,80.04,17525.14,7.59,94.36,1.78"
"Costa Rica,North_America,2016,0.00,3007.43,22.97,0.68,80.19,19201.75,7.32,95.32,1.71"
"Costa Rica,North_America,2017,0.01,3223.28,22.68,0.70,80.32,20499.34,7.05,96.22,1.62"
"Costa Rica,North_America,2018,0.04,2852.69,22.49,0.70,80.45,21498.04,7.29,97.10,1.56"
"Costa Rica,North_America,2019,0.05,2593.88,22.95,0.69,80.52,23339.61,7.22,97.92,1.48"
"Costa Rica,North_America,2020,0.05,2930.39,22.82,0.70,80.52,22099.87,7.83,98.60,1.31"
"Costa Rica,North_America,2021,0.11,3251.46,22.52,0.71,80.51,23852.93,7.61,99.10,1.11"
"Costa Rica,North_America,2022,0.23,3024.52,22.35,0.70,80.51,25924.74,7.18,99.53,1.01"
"Costa Rica,North_America,2023,0.30,2852.21,22.56,0.73,80.50,28075.14,6.87,99.99,1.03"
"Dominican Republic,North_America,2015,0.11,1024.78,24.28,0.65,44.50,14804.10,4.74,216.00,1.07"
"Dominican Republic,North_America,2016,0.12,1656.25,23.99,0.69,44.61,16282.19,4.59,218.41,0.99"
"Dominican Republic,North_America,2017,0.06,1573.80,23.69,0.71,44.72,16846.21,4.45,220.80,0.92"
"Dominican Republic,North_America,2018,0.07,1187.81,23.74,0.68,44.83,17994.84,4.22,223.18,0.85"
"Dominican Republic,North_America,2019,0.22,1002.15,24.19,0.67,44.93,19766.76,4.37,226.03,0.74"
"Dominican Republic,North_America,2020,0.14,1096.44,24.27,0.68,45.02,18998.31,4.96,228.40,0.67"
"Dominican Republic,North_America,2021,0.05,971.61,23.84,0.69,45.10,22053.46,5.09,230.79,0.58"
"Dominican Republic,North_America,2022,0.05,1214.13,23.73,0.68,45.19,24625.81,4.65,233.01,0.27"
"Dominican Republic,North_America,2023,0.04,1224.05,22.52,0.69,45.26,25839.94,4.60,235.10,0.80"
"Ecuador,South_America,2015,1.33,1807.68,20.44,0.55,67.14,10877.75,7.77,65.49,1.49"
"Ecuador,South_America,2016,2.48,1904.53,20.56,0.56,67.49,10881.49,7.59,66.46,1.51"
"Ecuador,South_America,2017,2.61,2594.67,20.22,0.58,67.85,11793.48,7.52,67.48,1.57"
"Ecuador,South_America,2018,3.32,1832.92,20.04,0.54,68.20,12186.88,7.83,68.65,1.75"
"Ecuador,South_America,2019,3.56,2308.31,20.25,0.54,68.57,12543.01,7.81,69.82,1.72"
"Ecuador,South_America,2020,0.19,2211.06,20.39,0.57,68.93,11526.80,8.61,70.65,1.20"
"Ecuador,South_America,2021,0.22,2252.93,20.03,0.55,69.25,13507.44,8.38,71.20,0.79"
"Ecuador,South_America,2022,0.13,2335.88,19.94,0.56,69.46,15198.07,7.60,71.77,0.80"
"Ecuador,South_America,2023,0.06,2736.84,20.39,0.60,69.67,15918.52,7.56,72.40,0.94"
"Guatemala,North_America,2015,0.45,1630.68,22.59,0.70,49.43,8934.00,6.01,149.05,2.39"
"Guatemala,North_America,2016,0.40,1563.55,22.63,0.70,49.38,9201.43,6.07,151.82,2.25"
"Guatemala,North_America,2017,0.32,1800.18,22.36,0.71,49.32,9560.18,6.14,154.60,2.08"
"Guatemala,North_America,2018,0.23,1551.00,22.30,0.71,49.25,9946.80,6.11,157.20,1.75"
"Guatemala,North_America,2019,0.16,1570.10,23.08,0.71,49.19,10755.88,6.17,159.61,2.15"
"Guatemala,North_America,2020,0.08,2093.95,22.85,0.72,49.12,10947.37,6.46,161.98,2.13"
"Guatemala,North_America,2021,0.10,1704.24,22.59,0.73,49.04,11825.14,7.36,164.23,2.03"
"Guatemala,North_America,2022,0.14,2138.52,22.26,0.71,48.96,13014.02,7.17,166.55,2.05"
"Guatemala,North_America,2023,0.22,1610.10,22.56,0.72,48.88,13745.36,6.80,169.14,2.17"
"Guyana,South_America,2015,13.01,1574.11,25.18,0.65,65.57,11408.47,4.02,3.85,0.61"
"Guyana,South_America,2016,13.87,1942.52,25.27,0.65,65.79,11516.38,4.02,3.88,0.64"
"Guyana,South_America,2017,17.98,2281.45,25.03,0.66,66.01,12243.22,4.32,3.90,0.66"
"Guyana,South_America,2018,21.87,1911.02,24.73,0.66,66.23,12442.51,4.90,4.02,2.98"
"Guyana,South_America,2019,23.82,1929.89,25.07,0.64,66.46,13240.97,4.90,4.10,2.04"
"Guyana,South_America,2020,21.27,1995.06,25.19,0.68,66.68,16819.42,5.38,3.82,0.01"
"Guyana,South_America,2021,25.49,3234.63,24.63,0.64,66.91,22865.93,4.64,3.86,1.02"
"Guyana,South_America,2022,25.23,2979.71,24.51,0.61,67.14,39710.97,2.52,3.89,0.79"
"Guyana,South_America,2023,34.53,2161.88,24.25,0.66,67.16,54729.04,2.47,3.91,0.62"
"Honduras,North_America,2015,0.43,1389.44,23.03,0.69,61.91,4845.60,7.48,82.56,2.84"
"Honduras,North_America,2016,0.49,1591.68,23.07,0.70,62.34,5186.16,7.71,84.12,2.80"
"Honduras,North_America,2017,0.15,1777.48,22.68,0.69,62.77,5620.65,7.01,85.69,2.76"
"Honduras,North_America,2018,0.07,1528.74,22.62,0.69,63.19,5633.38,7.23,87.28,2.72"
"Honduras,North_America,2019,0.04,1224.84,23.41,0.69,63.61,5784.93,7.34,88.87,2.69"
"Honduras,North_America,2020,0.09,2559.70,23.19,0.70,64.02,5384.70,9.22,90.44,2.62"
"Honduras,North_America,2021,0.17,1364.18,22.97,0.71,64.43,6202.98,9.27,91.96,2.52"
"Honduras,North_America,2022,0.37,1781.79,22.63,0.69,64.84,6805.49,8.15,93.52,2.51"
"Honduras,North_America,2023,0.27,1639.82,22.88,0.70,65.20,7178.34,7.71,95.14,2.54"
"Mexico,North_America,2015,0.20,763.00,20.42,0.48,42.02,19075.34,5.53,62.28,1.35"
"Mexico,North_America,2016,0.21,725.47,20.63,0.47,42.14,20104.58,5.38,62.89,1.29"
"Mexico,North_America,2017,0.28,735.51,20.95,0.46,42.27,20488.72,5.31,63.48,1.30"
"Mexico,North_America,2018,0.30,785.96,20.55,0.46,42.39,20921.48,5.24,64.08,1.34"
"Mexico,North_America,2019,0.23,705.56,20.84,0.46,42.50,20964.28,5.30,64.69,1.37"
"Mexico,North_America,2020,0.13,706.77,21.09,0.46,42.62,19354.12,6.05,65.23,1.23"
"Mexico,North_America,2021,0.09,757.19,20.74,0.45,42.74,20782.59,5.88,65.66,0.99"
"Mexico,North_America,2022,0.06,737.26,20.49,0.45,42.85,23387.22,5.71,66.16,1.09"
"Mexico,North_America,2023,0.02,621.16,18.23,0.45,42.91,24917.19,5.50,66.74,1.22"
"Peru,South_America,2015,5.17,1601.76,18.61,0.53,49.92,11600.39,4.90,23.80,2.00"
"Peru,South_America,2016,4.66,1616.81,18.84,0.54,50.19,12066.55,4.89,24.11,2.22"
"Peru,South_America,2017,4.48,1907.23,18.57,0.55,50.47,12591.86,4.81,24.47,2.42"
"Peru,South_America,2018,3.62,1751.87,18.28,0.53,50.75,13078.23,5.08,24.92,2.41"
"Peru,South_America,2019,1.90,1882.46,18.61,0.53,51.02,13563.54,5.13,25.35,2.22"
"Peru,South_America,2020,1.23,1657.41,18.82,0.56,51.30,12563.30,6.35,25.66,1.70"
"Peru,South_America,2021,1.39,1755.29,18.42,0.55,51.58,15280.55,6.67,25.90,1.46"
"Peru,South_America,2022,2.11,1695.50,18.39,0.55,50.93,16669.16,6.10,26.15,1.46"
"Peru,South_America,2023,1.70,1709.86,18.67,0.57,50.19,17011.23,5.64,26.44,1.59"
"Suriname,South_America,2015,0.98,2071.55,25.85,0.70,54.67,16543.57,5.81,3.62,1.02"
"Suriname,South_America,2016,0.93,1877.94,25.86,0.70,54.88,14475.31,5.99,3.66,0.99"
"Suriname,South_America,2017,1.63,2177.06,25.67,0.71,55.09,17567.68,5.32,3.70,0.95"
"Suriname,South_America,2018,0.43,1953.68,25.23,0.70,55.31,17855.48,6.61,3.74,0.92"
"Suriname,South_America,2019,1.21,1634.06,25.77,0.70,55.53,19771.55,8.38,3.77,0.99"
"Suriname,South_America,2020,1.63,2056.23,25.65,0.72,55.76,16946.89,6.03,3.81,1.03"
"Suriname,South_America,2021,0.24,3117.45,25.02,0.68,55.78,18458.23,5.02,3.85,0.87"
"Suriname,South_America,2022,0.00,2852.87,24.88,0.66,55.80,20078.84,5.93,3.88,0.72"
"Suriname,South_America,2023,0.00,2236.37,24.37,0.71,55.82,21110.20,5.41,3.92,0.70"
